type,name,module,path,hash
"csv","agent-manifest","_config","_config/agent-manifest.csv","3c5dadd0b46287d0920c615bca16c3581c713765b4c9cc93838700dc3f0278c3"
"csv","task-manifest","_config","_config/task-manifest.csv","35e06d618921c1260c469d328a5af14c3744072f66a20c43d314edfb29296a70"
"csv","workflow-manifest","_config","_config/workflow-manifest.csv","b15a271703bb7cb644cbc125142f338affd4840726d2358bde4e06657dd76dc2"
"yaml","manifest","_config","_config/manifest.yaml","cd5e2321d0a61d2d7a1c28d87007e07ab178d8ecfb421bc6dc8f3a31ef7603db"
"csv","common-workflow-tools","bmb","bmb/docs/workflows/common-workflow-tools.csv","aead7e0f4eb4d40739dee2268f62b48b947b8d1be5e7b7c29ba6552f21943f9e"
"csv","communication-presets","bmb","bmb/workflows/agent/data/communication-presets.csv","1297e9277f05254ee20c463e6071df3811dfb8fe5d1183ce07ce9b092cb3fd16"
"csv","dietary-restrictions","bmb","bmb/reference/workflows/meal-prep-nutrition/data/dietary-restrictions.csv","ccde18712553d55ea63ca85d6d1f10e74086d4f47a03dec65141d4bb9942592b"
"csv","dietary-restrictions","bmb","bmb/workflows/create-workflow/data/examples/meal-prep-nutrition/data/dietary-restrictions.csv","ccde18712553d55ea63ca85d6d1f10e74086d4f47a03dec65141d4bb9942592b"
"csv","macro-calculator","bmb","bmb/reference/workflows/meal-prep-nutrition/data/macro-calculator.csv","6f218ae98911f5c2200a72c94cf85a45a4928a6d3208a23acf9c2e34b06e494c"
"csv","macro-calculator","bmb","bmb/workflows/create-workflow/data/examples/meal-prep-nutrition/data/macro-calculator.csv","6f218ae98911f5c2200a72c94cf85a45a4928a6d3208a23acf9c2e34b06e494c"
"csv","recipe-database","bmb","bmb/reference/workflows/meal-prep-nutrition/data/recipe-database.csv","f97b38bc7405369cfd8a7d88b39708af8df2bcb9c9867313aef9e8b555291e88"
"csv","recipe-database","bmb","bmb/workflows/create-workflow/data/examples/meal-prep-nutrition/data/recipe-database.csv","f97b38bc7405369cfd8a7d88b39708af8df2bcb9c9867313aef9e8b555291e88"
"js","installer.template","bmb","bmb/workflows/create-module/templates/installer.template.js","52e573290f20fbafa5030517bf5bd6c0d204f32cdac76fd1d3c4771fcc493695"
"md","agent-compilation","bmb","bmb/workflows/agent/data/agent-compilation.md","dd4ead87256f8cbeb83112f87a3722da26e1737bc7bb7a08be5217ef041d59be"
"md","agent-menu-patterns","bmb","bmb/workflows/agent/data/agent-menu-patterns.md","0ce97045d13b1398d883999b8495ca4707652fc4933353137daac96cb1c3c8b1"
"md","agent-metadata","bmb","bmb/workflows/agent/data/agent-metadata.md","ea42f617c771de9dab0d7250278dbeb4e183fbdcc9600f8fdf7ca65cb1358a20"
"md","agent-plan.template","bmb","bmb/workflows/agent/templates/agent-plan.template.md","81e79756fb4c368c568ba05efcd276d1d52a111163827439733554f4d94e3094"
"md","agent.template","bmb","bmb/workflows/create-module/templates/agent.template.md","e4c0dcf00f8d1d7b1b24e630b7edede96762d3ef6981b94c06c4296d923c6d7b"
"md","architect","bmb","bmb/workflows/agent/data/reference/module-examples/architect.md","fd9d3138eb02f9a2a770a90cad57a72827965deb9d5944a2fea22af03a95e0ab"
"md","architecture","bmb","bmb/docs/workflows/architecture.md","1aa18abd0651918228b5f15159340533b682fb0a4b4265489521aa73179bed30"
"md","assessment-section","bmb","bmb/reference/workflows/meal-prep-nutrition/templates/assessment-section.md","9fa8380217ce2ecb29e05d4023e0e5c17c84b5880e9af92df45a57a7dc2f2fb1"
"md","assessment-section","bmb","bmb/workflows/create-workflow/data/examples/meal-prep-nutrition/templates/assessment-section.md","9fa8380217ce2ecb29e05d4023e0e5c17c84b5880e9af92df45a57a7dc2f2fb1"
"md","brainstorm-context","bmb","bmb/workflows/agent/data/brainstorm-context.md","188eaff75b096924e5388fa2d7e9bf97fe5fe244e407c1076d4c60dcfba25fc1"
"md","checklist","bmb","bmb/workflows-legacy/edit-module/checklist.md","5d0db2b72253323da5ebe4482010073a98b60afb9e3198960884483b7342629f"
"md","checklist","bmb","bmb/workflows-legacy/module-brief/checklist.md","4710f9c7e48a1cb29b225d43955bf313271dc7f9bb471bfecb1a8edf5f57a10a"
"md","completion-summary","bmb","bmb/workflows/edit-workflow/templates/completion-summary.md","5fb732313bbf466c106e59c2c5d16d92be6e4f2a749fbd4f3d99415bddbeea1c"
"md","compliance-report","bmb","bmb/workflows/workflow-compliance-check/templates/compliance-report.md","01184bebdad49cc5b9a188f27b6998e7834de5c4dcdaa4f3d9f827a1b46d7037"
"md","critical-actions","bmb","bmb/workflows/agent/data/critical-actions.md","93d0084e0b144adc63b37ac50722c23fa436cb4d15f033ce3f4ffb2685c892e4"
"md","csv-data-file-standards","bmb","bmb/docs/workflows/csv-data-file-standards.md","96fcc0e54f5607044adf0f50b10a5a74c12331b71469d5574765e635988406eb"
"md","e-01-load-existing","bmb","bmb/workflows/agent/steps-e/e-01-load-existing.md","66f2dce79d93e1845a4e0933b71429dde3ed8a4d30c3060846c1079342f88646"
"md","e-02-discover-edits","bmb","bmb/workflows/agent/steps-e/e-02-discover-edits.md","8ebd188df97f3fb40cb6cf7956476739af6a0568447cb7074a0243e61c1e7c84"
"md","e-03a-validate-metadata","bmb","bmb/workflows/agent/steps-e/e-03a-validate-metadata.md","4358b3f44c3f4fc76a65d425ddd345e0fd8b2fa7400d3a359aed60544aea874a"
"md","e-03b-validate-persona","bmb","bmb/workflows/agent/steps-e/e-03b-validate-persona.md","cd57c3286b3bc92fa9272a33b4bb4277017291aae4379e8f5933ed4fcc036777"
"md","e-03c-validate-menu","bmb","bmb/workflows/agent/steps-e/e-03c-validate-menu.md","2a28f59152aab378b07a378f7e249aa915f734abf26169ee09948d0cb20c8154"
"md","e-03d-validate-structure","bmb","bmb/workflows/agent/steps-e/e-03d-validate-structure.md","fa88fdad5b3e3fa9dd643935f046c15d8269fd4a3fc55410de9da43975d84c81"
"md","e-03e-validate-sidecar","bmb","bmb/workflows/agent/steps-e/e-03e-validate-sidecar.md","a4f504ea928631f1f86c0ee4446d2a0d1ac630713ba8b1b5462ad9f3c667f392"
"md","e-03f-validation-summary","bmb","bmb/workflows/agent/steps-e/e-03f-validation-summary.md","f53059c4be37d08e0a2968fe5825d26469b2249ba2c90066d5bb91cdd091e33f"
"md","e-04-type-metadata","bmb","bmb/workflows/agent/steps-e/e-04-type-metadata.md","a3736bdff90af85481cb2ac40308002b908b6da6096c138ddf2c828b4c691b50"
"md","e-05-persona","bmb","bmb/workflows/agent/steps-e/e-05-persona.md","3e80f5237d506808ea8d2dc505e3017da49cfa42d38d8752586d579e46b38fd6"
"md","e-06-commands-menu","bmb","bmb/workflows/agent/steps-e/e-06-commands-menu.md","313cc2120c5effc99bb9a87502b84b8457a285a80e19d93826a17dc6456f3c61"
"md","e-07-activation","bmb","bmb/workflows/agent/steps-e/e-07-activation.md","389264d5b821beab575ea74b158b124d68e8b9ce5ebd05b6a5daf9dc82f1b8c1"
"md","e-08a-edit-simple","bmb","bmb/workflows/agent/steps-e/e-08a-edit-simple.md","f0315f58e3a212fd3a48021034762b69453667f11b62e4dec8bee2f4df3cef1a"
"md","e-08b-edit-expert","bmb","bmb/workflows/agent/steps-e/e-08b-edit-expert.md","1410e98ef75a2b599c207261236c1cd0b8096f4d3daa3d32bd4a6db7b9d14a56"
"md","e-08c-edit-module","bmb","bmb/workflows/agent/steps-e/e-08c-edit-module.md","f75d81cd64c10163055f11dbb36a9f3a256bbbb32c6a155e1fec626b68f57156"
"md","e-09a-validate-metadata","bmb","bmb/workflows/agent/steps-e/e-09a-validate-metadata.md","78ee3534c7d3c916cfcfa59a288fa906fdc9b1f558a0033ed8661b7637f4da4b"
"md","e-09b-validate-persona","bmb","bmb/workflows/agent/steps-e/e-09b-validate-persona.md","173f2159c35535e8093838df58b6a0a9a8dd9d559652d922a2dba0cd67e104ef"
"md","e-09c-validate-menu","bmb","bmb/workflows/agent/steps-e/e-09c-validate-menu.md","65fd64f23b1e92839922a55ea978bd70fb94f4f08c2abb62c6bf250a53465e3a"
"md","e-09d-validate-structure","bmb","bmb/workflows/agent/steps-e/e-09d-validate-structure.md","4fed3756ed8d64e83d877f6db143bdd048d74d6fd76783b855cb1b166868420e"
"md","e-09e-validate-sidecar","bmb","bmb/workflows/agent/steps-e/e-09e-validate-sidecar.md","c4585567346c6a7bd1495296907f5380d90aac184b9dc4fd56092082bd4300b9"
"md","e-09f-validation-summary","bmb","bmb/workflows/agent/steps-e/e-09f-validation-summary.md","2bebca7d9e024862cf49b04720b511b9867f9ffa6b01967356c6f06aacca4b63"
"md","e-10-celebrate","bmb","bmb/workflows/agent/steps-e/e-10-celebrate.md","4841cc7313f945efb35988f117c367d3446afaf17d75784a1986af369dd8e8ed"
"md","expert-agent-architecture","bmb","bmb/workflows/agent/data/expert-agent-architecture.md","72fa4ae6e1025e62cd05df25d7ecab5b565e3ff81c82ea0d27decbea38c9f6f1"
"md","expert-agent-validation","bmb","bmb/workflows/agent/data/expert-agent-validation.md","e989df6b0c4bcbde5311830641a9b659ccdd752abc2051173c744cf14d337e8a"
"md","expert-agent.template","bmb","bmb/workflows/agent/templates/expert-agent-template/expert-agent.template.md","7f1471f5a8d4bcf3b4c5af90dead79806963c44cc1c539d69868a4f4fa6af169"
"md","improvement-goals","bmb","bmb/workflows/edit-workflow/templates/improvement-goals.md","d4f0b61a4a7327388ee23fac02e0cb3bf5fb34780f63d439aa060bc65a43fef4"
"md","improvement-log","bmb","bmb/workflows/edit-workflow/templates/improvement-log.md","3487cd5e19c56696e8c4bb92e45ee77a3f76bb70bb26509f751e39a7bdc79ca2"
"md","instructions","bmb","bmb/workflows-legacy/edit-module/instructions.md","4f28203157cf4a6b87ce932f33eef564c00da810e20d71030c9caa33c15b2dee"
"md","instructions","bmb","bmb/workflows-legacy/module-brief/instructions.md","6409d16e0fa00f82692e7e80d051a13de76e3e6af09013ea1c97e70fc6bf7038"
"md","intent-vs-prescriptive-spectrum","bmb","bmb/docs/workflows/intent-vs-prescriptive-spectrum.md","def3cd9e350556da9c602db93b2db34b9aa96d965ef51ab85499c414d4ea1564"
"md","module-agent-validation","bmb","bmb/workflows/agent/data/module-agent-validation.md","e51448b89ebc680fb9512646ea657f7e0e16359d5d4455e499c7749c372bbde5"
"md","module-plan.template","bmb","bmb/workflows/create-module/templates/module-plan.template.md","2bbdf9fbdb548f055a564ca8e4ec78ab86c2b4f33ef69689f2cd07f6d52e791d"
"md","nutrition-plan","bmb","bmb/reference/workflows/meal-prep-nutrition/templates/nutrition-plan.md","8622904f32a9de6e4a85059daa62f7a1277000df48d82b17eddfb39f25eb5a7d"
"md","nutrition-plan","bmb","bmb/workflows/create-workflow/data/examples/meal-prep-nutrition/templates/nutrition-plan.md","8622904f32a9de6e4a85059daa62f7a1277000df48d82b17eddfb39f25eb5a7d"
"md","persona-properties","bmb","bmb/workflows/agent/data/persona-properties.md","c8c725ab87d5db932bdb788ff5e1133cf567029db3e1e4e203fae109d3514fc1"
"md","prep-schedule-section","bmb","bmb/reference/workflows/meal-prep-nutrition/templates/prep-schedule-section.md","1c770d8deb07863adee05fe91114ffe2f9b0d366d653f554c2cb39a847d3d3ed"
"md","prep-schedule-section","bmb","bmb/workflows/create-workflow/data/examples/meal-prep-nutrition/templates/prep-schedule-section.md","1c770d8deb07863adee05fe91114ffe2f9b0d366d653f554c2cb39a847d3d3ed"
"md","principles-crafting","bmb","bmb/workflows/agent/data/principles-crafting.md","5b7d9198a8a32c044573ed3c226c02a3d8a0761d812b46350e024a7b01cf0660"
"md","profile-section","bmb","bmb/reference/workflows/meal-prep-nutrition/templates/profile-section.md","8f2df3ab5d41f229f401b153d54d67818e3205ef06b7ca5cfc6439f21112be74"
"md","profile-section","bmb","bmb/workflows/create-workflow/data/examples/meal-prep-nutrition/templates/profile-section.md","8f2df3ab5d41f229f401b153d54d67818e3205ef06b7ca5cfc6439f21112be74"
"md","readme","bmb","bmb/reference/readme.md","fd0dcb1c9acd089b6855dcfc89a74c9c27e4b1637d3c2c2e8db4cde2fb1140eb"
"md","README","bmb","bmb/README.md","5bbe1c65c38fbce039ca375fd516d70594a50082bae19d4e6f66112d43898f6b"
"md","README","bmb","bmb/reference/agents/simple-examples/README.md","0de1d3738dffa9a1d400741e3777b32e2981bb091358cc5207f24951764b3e62"
"md","README","bmb","bmb/workflows-legacy/edit-module/README.md","8131c966a8bd2ee74507b0c2fd335c0fd077ab5470c4649c69ba3bb88e850b4a"
"md","README","bmb","bmb/workflows-legacy/module-brief/README.md","a0d6d254b542da53a558a4dc3b05d9c65b0123cee643d9f1cc63365b5852df38"
"md","shopping-section","bmb","bmb/reference/workflows/meal-prep-nutrition/templates/shopping-section.md","8441562d59975a6126e27ef90cb20da97acacd4137b15bf47659c80838101b67"
"md","shopping-section","bmb","bmb/workflows/create-workflow/data/examples/meal-prep-nutrition/templates/shopping-section.md","8441562d59975a6126e27ef90cb20da97acacd4137b15bf47659c80838101b67"
"md","simple-agent-architecture","bmb","bmb/workflows/agent/data/simple-agent-architecture.md","dc6d226b55bb6d9cb8c39974f0ac326845e220a19127cfec572195fe70b2c1eb"
"md","simple-agent-validation","bmb","bmb/workflows/agent/data/simple-agent-validation.md","bf2d0a4c1d8df00f5068b91421bda8d4ff6c5cb6fdbdbe75f67386f6affe3d7d"
"md","simple-agent.template","bmb","bmb/workflows/agent/templates/simple-agent.template.md","d9b6459ea5d1526bed1c099d1da38669e14067180dda42714ea994671cd9bbf8"
"md","step-01-analyze","bmb","bmb/workflows/edit-workflow/steps/step-01-analyze.md","e24970d4c1cb596173e8751e632c3126d81fdd98de37a92f0ba5b8837952d61d"
"md","step-01-brainstorm","bmb","bmb/workflows/agent/steps-c/step-01-brainstorm.md","26932149fc5b14664f7ed2741d382da789a2a3ed6aa0595e63d89bc1723bbc45"
"md","step-01-init","bmb","bmb/reference/workflows/meal-prep-nutrition/steps/step-01-init.md","ff4873dab5909f2e68c7e7f5f4e4968da4a58a7b8e72204a40cbbdd40b0e8f82"
"md","step-01-init","bmb","bmb/workflows/create-module/steps/step-01-init.md","f3898e540c8088f80d3c1bf2ef12833d32bc3858ce3d1b26326700e18840d295"
"md","step-01-init","bmb","bmb/workflows/create-workflow/data/examples/meal-prep-nutrition/steps/step-01-init.md","eff78396b5a87634253c73162c2b0737f46c20671af513d4ff116b18191dd714"
"md","step-01-init","bmb","bmb/workflows/create-workflow/steps/step-01-init.md","0f817136af4b5d6dedfe3e4d0516f771f0fbc7076f029f175428b4b8e5005058"
"md","step-01-init-continuable-template","bmb","bmb/docs/workflows/templates/step-01-init-continuable-template.md","ff1f7b7c225596a107c6ac009d0eecbbfe78f382fbea45a1e611ec1b305d9d6f"
"md","step-01-validate-goal","bmb","bmb/workflows/workflow-compliance-check/steps/step-01-validate-goal.md","4b86127940eaf03a994973c960de4e9847f89b58964e23c9cdd93b7f74698b6e"
"md","step-01b-continue","bmb","bmb/reference/workflows/meal-prep-nutrition/steps/step-01b-continue.md","15771bf997808dffef32c7e91a8445fd759d03d93641e7a7657f1638cd9f9509"
"md","step-01b-continue","bmb","bmb/workflows/create-module/steps/step-01b-continue.md","ac5eda8744542d4abd46bf13975125aa80c7604d6d94c51f69070470e5decd6f"
"md","step-01b-continue","bmb","bmb/workflows/create-workflow/data/examples/meal-prep-nutrition/steps/step-01b-continue.md","83b60078cbcb6bf0bef8e074d892d4f7e16464cdb0c0ad61fb7418563f3dc56a"
"md","step-02-concept","bmb","bmb/workflows/create-module/steps/step-02-concept.md","d98b7bad2b2b794093807ce9f4c290544453e63e3161a78f47c10b3ac7d72fb0"
"md","step-02-discover","bmb","bmb/workflows/edit-workflow/steps/step-02-discover.md","e32d16c0f6c1986e6dfdac89b8a0f25f198dba9bae14a5020df4ae47d6149302"
"md","step-02-discovery","bmb","bmb/workflows/agent/steps-c/step-02-discovery.md","7b197924fb0067e5d0f7c2d734f465cf166717706cec636ed7fabd4c6bd5a706"
"md","step-02-gather","bmb","bmb/workflows/create-workflow/steps/step-02-gather.md","5aced45c520fb977315e2f7b0131437c7f5ea6d89ca8cdc87c66070c24f628a2"
"md","step-02-profile","bmb","bmb/reference/workflows/meal-prep-nutrition/steps/step-02-profile.md","0e9eb6752eaa6340ad4e424fc2075a40df588f082ca4d16841a86826b940700c"
"md","step-02-profile","bmb","bmb/workflows/create-workflow/data/examples/meal-prep-nutrition/steps/step-02-profile.md","2308aedf10a884afa5eabc85269b4983a1b2f7cb75f96ed6015ad47c430b93d7"
"md","step-02-workflow-validation","bmb","bmb/workflows/workflow-compliance-check/steps/step-02-workflow-validation.md","4948971c34e51c903fe12f4c3d97081bbdb7e14a576349b86bf3774749a98e27"
"md","step-03-assessment","bmb","bmb/reference/workflows/meal-prep-nutrition/steps/step-03-assessment.md","8c4ec329e2a4a38f7c221c1066cab679a1032c82cc0bf3f584ab60d014a12ea1"
"md","step-03-assessment","bmb","bmb/workflows/create-workflow/data/examples/meal-prep-nutrition/steps/step-03-assessment.md","47fe076875de5dbced2b03d593022bce59b08e71447a6b8385324f889c8bf0e1"
"md","step-03-components","bmb","bmb/workflows/create-module/steps/step-03-components.md","ebf795d639d180acbf797309420780fd8e8119acf3667dba3f21979f4b95d22f"
"md","step-03-improve","bmb","bmb/workflows/edit-workflow/steps/step-03-improve.md","64643166ca1fe9c64a18a69fdafccee543e906610ff47aca4cc67a278db00115"
"md","step-03-step-validation","bmb","bmb/workflows/workflow-compliance-check/steps/step-03-step-validation.md","b8555740ea8564a25db39fc6cb52fc29c7e03b414863f61e5358a3e44a5ca0e0"
"md","step-03-tools-configuration","bmb","bmb/workflows/create-workflow/steps/step-03-tools-configuration.md","d2dc11b74ecdccc4fb011d722f6f8ae4a4f88daa2e93fc3366029ddd7c469dc7"
"md","step-03-type-metadata","bmb","bmb/workflows/agent/steps-c/step-03-type-metadata.md","27ad8735640e0f26f5653ffd30780fba1c62546d21242ee413f70531ad2f4919"
"md","step-04-file-validation","bmb","bmb/workflows/workflow-compliance-check/steps/step-04-file-validation.md","a6d9c6da4e2f0c106950e98c1f196fdf04c1b05917667840a3403fcde0a658bd"
"md","step-04-persona","bmb","bmb/workflows/agent/steps-c/step-04-persona.md","a1ae461c74906ce5e188b401f5f14969e8d8f71d9e274a2a39130f94d4384a0e"
"md","step-04-plan-review","bmb","bmb/workflows/create-workflow/steps/step-04-plan-review.md","da187dd54077f27c99afa9a78daca21d4e6bbe6b92709df15096e34b1bfbf7c3"
"md","step-04-strategy","bmb","bmb/reference/workflows/meal-prep-nutrition/steps/step-04-strategy.md","5401a0a59ed5c82c00776e7d650c6d359a77baef8c0acee463a7bbcf0a612fed"
"md","step-04-strategy","bmb","bmb/workflows/create-workflow/data/examples/meal-prep-nutrition/steps/step-04-strategy.md","4e0aa865df5782b3648ae1ae3facdf2c9f589fcf9f4cb44779ca27f00b10203d"
"md","step-04-structure","bmb","bmb/workflows/create-module/steps/step-04-structure.md","99d14978512fdf2c4381c0e1a49ad257bb006736b18806f6da20d5aa547c0e0c"
"md","step-04-validate","bmb","bmb/workflows/edit-workflow/steps/step-04-validate.md","0739cb45c78d2e1120d5f4db92f0742b43c9d1402cddbd865897b76493e3c61c"
"md","step-05-commands-menu","bmb","bmb/workflows/agent/steps-c/step-05-commands-menu.md","e23aca7b7683c281b6be734a4d1707bf1b2c2c8107fa38793c4809e84424b708"
"md","step-05-compliance-check","bmb","bmb/workflows/edit-workflow/steps/step-05-compliance-check.md","f1617a2aface40ae0713714377aa139ae8f9dcd58e988332b42bac965fee4348"
"md","step-05-config","bmb","bmb/workflows/create-module/steps/step-05-config.md","56a9af35f83d75fd51eec7968e6731f32ecaf150e13eb9f4cb6afcbb64e41fbb"
"md","step-05-intent-spectrum-validation","bmb","bmb/workflows/workflow-compliance-check/steps/step-05-intent-spectrum-validation.md","fc31ddc5bb8b7497c77832ef68b95ec84a59af656ed1bbd20fbb54655f8c9dbf"
"md","step-05-output-format-design","bmb","bmb/workflows/create-workflow/steps/step-05-output-format-design.md","92b886e3cf1b024f2d1288ab7e333d589fdc1b9cfb2a050b8c600eaaf30092d6"
"md","step-05-shopping","bmb","bmb/reference/workflows/meal-prep-nutrition/steps/step-05-shopping.md","39c4da070a120619dbf0e90f6d4ab9e81d0388f01b4510178ae24baff9d0eae8"
"md","step-05-shopping","bmb","bmb/workflows/create-workflow/data/examples/meal-prep-nutrition/steps/step-05-shopping.md","cebde7e1c43b7349ceb38e12cc4f2910a448efd1feb44935fc2502c75a7f15c5"
"md","step-06-activation","bmb","bmb/workflows/agent/steps-c/step-06-activation.md","ea0e46b1b62ec97a4468eb12e27495c1d9c320b065d9119e1cf155e32062a9de"
"md","step-06-agents","bmb","bmb/workflows/create-module/steps/step-06-agents.md","994ce2d566bf073b091a1e67c9684ca290b68d94b69c293d67dcfbd921b4980e"
"md","step-06-design","bmb","bmb/workflows/create-workflow/steps/step-06-design.md","e5c06aae653ce701c236ab588cb14723a9a3782019c984276bbe0be8de10107b"
"md","step-06-prep-schedule","bmb","bmb/reference/workflows/meal-prep-nutrition/steps/step-06-prep-schedule.md","c12349e78508f8159c3ef8f195ff535f7701a1e7252171738e8a0a7847e6ca0c"
"md","step-06-prep-schedule","bmb","bmb/workflows/create-workflow/data/examples/meal-prep-nutrition/steps/step-06-prep-schedule.md","0cafb25198b22633cec00be6f596a3b07c1141a4d8c9becbd0cfe396215e3ea0"
"md","step-06-web-subprocess-validation","bmb","bmb/workflows/workflow-compliance-check/steps/step-06-web-subprocess-validation.md","b06600cdf972fdc6a0fe62e1fd0059d054420714e5ed4b78ed5267a22f95ea3b"
"md","step-07-build","bmb","bmb/workflows/create-workflow/steps/step-07-build.md","2d64473cfa52b528fa2bd8c3742c399a56d7d9f919f22f3e8669a20c22d0815d"
"md","step-07-holistic-analysis","bmb","bmb/workflows/workflow-compliance-check/steps/step-07-holistic-analysis.md","1ee31dcf9577f2a107577d65f8cb7f7ccf2a93f79ccdccb54d26129b4da4cd78"
"md","step-07-workflows","bmb","bmb/workflows/create-module/steps/step-07-workflows.md","3a41317f27c6f6b81dc700adcb81ce01f5e6cb7c1a550204552887d3f3cae049"
"md","step-07a-build-simple","bmb","bmb/workflows/agent/steps-c/step-07a-build-simple.md","5290b785be02520d6e6a5d4fc468ee2f178da0579e7ae99655af5e8ea57788a3"
"md","step-07b-build-expert","bmb","bmb/workflows/agent/steps-c/step-07b-build-expert.md","224f7e4a8bda2960db865efb00d42da43657d3eec3a919c7ba6cecc62d2841d6"
"md","step-07c-build-module","bmb","bmb/workflows/agent/steps-c/step-07c-build-module.md","42be5c902773a325afbec613521f2214c053c437a1eed740f64aad5158edac3a"
"md","step-08-generate-report","bmb","bmb/workflows/workflow-compliance-check/steps/step-08-generate-report.md","3eb8cdf577b88e9a1082f80147ad1d8302b13bf75345c29191d48923da0d2d17"
"md","step-08-installer","bmb","bmb/workflows/create-module/steps/step-08-installer.md","6d6097154cd063c8ae6efe6771570de6dc47df519da4ce44a2e67aa22560da8a"
"md","step-08-review","bmb","bmb/workflows/create-workflow/steps/step-08-review.md","f2998c324986268589d2fb992a601b233be9d9be779a73ba2859789753566ddf"
"md","step-08a-plan-traceability","bmb","bmb/workflows/agent/steps-c/step-08a-plan-traceability.md","0e4b750b9eb11d5078666c1312780926019624aa127b6148197654d82db64e3e"
"md","step-08b-metadata-validation","bmb","bmb/workflows/agent/steps-c/step-08b-metadata-validation.md","503ac044173155c2823107388f0b3dcc2ae78907bff9d24a13da0aed52e1fff1"
"md","step-08c-persona-validation","bmb","bmb/workflows/agent/steps-c/step-08c-persona-validation.md","d6220ac50127c44a68ff6c29de0f9e22137ca57befd40759cb40a2c48e389e5b"
"md","step-08d-menu-validation","bmb","bmb/workflows/agent/steps-c/step-08d-menu-validation.md","2f26ac725399e51a7807d0a61222b8ef34df9c8f071a505b214c9451e60007cd"
"md","step-08e-structure-validation","bmb","bmb/workflows/agent/steps-c/step-08e-structure-validation.md","feec42207866468977749f3e9484b86f9e670233bdf1b389daaa1f77c659c931"
"md","step-08f-sidecar-validation","bmb","bmb/workflows/agent/steps-c/step-08f-sidecar-validation.md","65a6359b7903e3531f0249b76289271a4403fb6a35d24c134e54d4988f3d7366"
"md","step-09-celebrate","bmb","bmb/workflows/agent/steps-c/step-09-celebrate.md","ac7fe1e5e156e636c6c2655cf272f383e4e69061ef335b6a3f68a70f224427e1"
"md","step-09-complete","bmb","bmb/workflows/create-workflow/steps/step-09-complete.md","1e8d8f961a8edb5c3c9ce8d503898f5a2bfed2bf46a39b8688322c5971083e49"
"md","step-09-documentation","bmb","bmb/workflows/create-module/steps/step-09-documentation.md","2784ff95baa0783cd1b89366ef1350ca0ff329f04e0ba1e057e31c8b5b1c7ea6"
"md","step-10-roadmap","bmb","bmb/workflows/create-module/steps/step-10-roadmap.md","286e2586c4a83ea65d9236c2c53eef04c5d5978f87fd420322c7235f728bfbe4"
"md","step-11-validate","bmb","bmb/workflows/create-module/steps/step-11-validate.md","ac5e3191c1e988c1ba5f7c7b0c1afcf475ae98456db2882c3cf638b154473ae1"
"md","step-1b-template","bmb","bmb/docs/workflows/templates/step-1b-template.md","97dd12129529a1666f1395d721fb48af3ce40a58fed38f45dac3e6c5b7d974f9"
"md","step-file","bmb","bmb/docs/workflows/templates/step-file.md","4af1ef97ba013bfaa51ff2acebd829de4576dd54f33bd12fcba8c50798762e0f"
"md","step-file-rules","bmb","bmb/docs/workflows/step-file-rules.md","1923c4de1ab6ba49c5c8dfb648bd90e6759c35ed13cc22c044e2a84df56901a5"
"md","step-template","bmb","bmb/docs/workflows/templates/step-template.md","7c41cc67f1dc4b82b249c400a3bf7c91e3edeabccc9314804c0b21f18a7b6be8"
"md","strategy-section","bmb","bmb/reference/workflows/meal-prep-nutrition/templates/strategy-section.md","0d75fedb5bedc07bd0e17a63f370b011f770d3d696eb7835cc07fa4fe5a77337"
"md","strategy-section","bmb","bmb/workflows/create-workflow/data/examples/meal-prep-nutrition/templates/strategy-section.md","0d75fedb5bedc07bd0e17a63f370b011f770d3d696eb7835cc07fa4fe5a77337"
"md","template","bmb","bmb/workflows-legacy/module-brief/template.md","7d1ad5ec40b06510fcbb0a3da8ea32aefa493e5b04c3a2bba90ce5685b894275"
"md","terms","bmb","bmb/docs/workflows/terms.md","820ea5bfa1b27437974db9581149165445a670c097471bc04606917dfce67c6c"
"md","understanding-agent-types","bmb","bmb/workflows/agent/data/understanding-agent-types.md","557720a3623a57d29171c0d5dbbd79316223b3b1a7b40584fccaa16c24f7db39"
"md","v-01-load-review","bmb","bmb/workflows/agent/steps-v/v-01-load-review.md","67ad83fce0908ba1646b21f9600669c0800288cbc846a4510a44ebee7e223ef2"
"md","v-02a-validate-metadata","bmb","bmb/workflows/agent/steps-v/v-02a-validate-metadata.md","2ea68ba57b4b039ce3c6475518f28d85102314217fb27d86c4aba2913ad120f2"
"md","v-02b-validate-persona","bmb","bmb/workflows/agent/steps-v/v-02b-validate-persona.md","a8ac99b55e94542a2b6fa7a9d5c7c3ce71e5051db8be787d3ecd094109e598e1"
"md","v-02c-validate-menu","bmb","bmb/workflows/agent/steps-v/v-02c-validate-menu.md","6fab65614bbdecbd243582f97a7dd170a180fe959da0f760a328282b771060be"
"md","v-02d-validate-structure","bmb","bmb/workflows/agent/steps-v/v-02d-validate-structure.md","d20c503000b9a32885538973f713b66ad58471f88f7296f1487a5c16354231cd"
"md","v-02e-validate-sidecar","bmb","bmb/workflows/agent/steps-v/v-02e-validate-sidecar.md","008de4424d1dbc0b2f20e14a8779a06ef040a781c618b17891f79563e7eb0474"
"md","v-03-summary","bmb","bmb/workflows/agent/steps-v/v-03-summary.md","5781da9ee55b175dc14ce9621fedd90e9667c13f881d54f1f1f610206558a1dd"
"md","validation","bmb","bmb/workflows/create-module/validation.md","1329fd29a8ebd11240efedc20d7c3731161649cf200086919bf8c9bdcf8a903d"
"md","validation-results","bmb","bmb/workflows/edit-workflow/templates/validation-results.md","97ed6deaab6c60849fdce797ace3c7c9a2bbb63f0fb3601cbe8d47895c4b6731"
"md","workflow","bmb","bmb/docs/workflows/templates/workflow.md","f0bb89373c52d292772d75c252cb726fcc374933fb617ce8bbd542d5b03f9375"
"md","workflow","bmb","bmb/reference/workflows/meal-prep-nutrition/workflow.md","4d3cde60055098e7321d9b8492c968c141a6f0fae342ff8153b821808447a8f0"
"md","workflow","bmb","bmb/workflows/agent/workflow.md","ee7b3cb606a80ed5ab533e27f49ee18d7d7df3658a71ddef4d3036025dba0132"
"md","workflow","bmb","bmb/workflows/create-module/workflow.md","1458a66103180e70f1bbc047320d1bd645c3526efde4fb8774bc8820382ee004"
"md","workflow","bmb","bmb/workflows/create-workflow/data/examples/meal-prep-nutrition/workflow.md","f86fb9760bd8a77fbfa05ed782ec1526774f85e144c2f2751f7b526c23b61e2b"
"md","workflow","bmb","bmb/workflows/create-workflow/workflow.md","f0e2ef6a61f9891868e70c9f35ff13894f7f7a330b83112ff9966bb0e53aa9a3"
"md","workflow","bmb","bmb/workflows/edit-workflow/workflow.md","ff1e29e097708c73542e075f341a2a6f48bf9c26f16ed088f54f20ce162139c5"
"md","workflow","bmb","bmb/workflows/workflow-compliance-check/workflow.md","bbdcabc9ac43f55349be19b1685df1af79e0098afd1409a1e3abf2b36c3f8010"
"md","workflow-analysis","bmb","bmb/workflows/edit-workflow/templates/workflow-analysis.md","9e2196c12fcdfbde8a074ea97a0d883cbe629c465e2b6ff52bb1619d687d6b8a"
"md","workflow-plan-template","bmb","bmb/workflows/create-module/templates/workflow-plan-template.md","2f9274926e662398103abb2393c61d1cac8db2be7b0096c0ab1ef13d93c12a3c"
"md","workflow-template","bmb","bmb/docs/workflows/templates/workflow-template.md","2b28b4978f27056ce7df4f5a3d64ffd4e829dd90e716d0a2de77affb04514bf6"
"yaml","config","bmb","bmb/config.yaml","38a7dc961935d98fe0b936b51ea6f521a05ed6a10715b59ab34ccaf3371beea4"
"yaml","module.template","bmb","bmb/workflows/create-module/templates/module.template.yaml","80891b6325d4fed68613b8b6833c8013b9929e17050afdff8d223a29774b9ea1"
"yaml","workflow","bmb","bmb/workflows-legacy/edit-module/workflow.yaml","44b32b4c9a96e7416c78f159def43a4e882bcc118b750db5b671761190b6e365"
"yaml","workflow","bmb","bmb/workflows-legacy/module-brief/workflow.yaml","133ac1a78624ddff17eeb26e51a29acf272fa1e5c99a385f792f9f45445db92f"
"csv","brain-methods","core","core/workflows/brainstorming/brain-methods.csv","0ab5878b1dbc9e3fa98cb72abfc3920a586b9e2b42609211bb0516eefd542039"
"csv","methods","core","core/workflows/advanced-elicitation/methods.csv","e08b2e22fec700274982e37be608d6c3d1d4d0c04fa0bae05aa9dba2454e6141"
"md","excalidraw-helpers","core","core/resources/excalidraw/excalidraw-helpers.md","37f18fa0bd15f85a33e7526a2cbfe1d5a9404f8bcb8febc79b782361ef790de4"
"md","library-loader","core","core/resources/excalidraw/library-loader.md","7837112bd0acb5906870dff423a21564879d49c5322b004465666a42c52477ab"
"md","README","core","core/resources/excalidraw/README.md","72de8325d7289128f1c8afb3b0eea867ba90f4c029ca42e66a133cd9f92c285d"
"md","step-01-agent-loading","core","core/workflows/party-mode/steps/step-01-agent-loading.md","cd2ca8ec03576fd495cbaec749b3f840c82f7f0d485c8a884894a72d047db013"
"md","step-01-session-setup","core","core/workflows/brainstorming/steps/step-01-session-setup.md","0437c1263788b93f14b7d361af9059ddbc2cbb576974cbd469a58ea757ceba19"
"md","step-01b-continue","core","core/workflows/brainstorming/steps/step-01b-continue.md","a92fd1825a066f21922c5ac8d0744f0553ff4a6d5fc3fa998d12aea05ea2819c"
"md","step-02-discussion-orchestration","core","core/workflows/party-mode/steps/step-02-discussion-orchestration.md","a9afe48b2c43f191541f53abb3c15ef608f9970fa066dcb501e2c1071e5e7d02"
"md","step-02a-user-selected","core","core/workflows/brainstorming/steps/step-02a-user-selected.md","558b162466745b92687a5d6e218f243a98436dd177b2d5544846c5ff4497cc94"
"md","step-02b-ai-recommended","core","core/workflows/brainstorming/steps/step-02b-ai-recommended.md","99aa935279889f278dcb2a61ba191600a18e9db356dd8ce62f0048d3c37c9531"
"md","step-02c-random-selection","core","core/workflows/brainstorming/steps/step-02c-random-selection.md","f188c260c321c7f026051fefcd267a26ee18ce2a07f64bab7f453c0c3e483316"
"md","step-02d-progressive-flow","core","core/workflows/brainstorming/steps/step-02d-progressive-flow.md","a28c7a3edf34ceb0eea203bf7dc80f39ca04974f6d1ec243f0a088281b2e55de"
"md","step-03-graceful-exit","core","core/workflows/party-mode/steps/step-03-graceful-exit.md","f3299f538d651b55efb6e51ddc3536a228df63f16b1e0129a830cceb8e21303f"
"md","step-03-technique-execution","core","core/workflows/brainstorming/steps/step-03-technique-execution.md","9dbcf441402a4601721a9564ab58ca2fe77dafefee090f7d023754d2204b1d7e"
"md","step-04-idea-organization","core","core/workflows/brainstorming/steps/step-04-idea-organization.md","a1b7a17b95bb1c06fa678f65a56a9ac2fd9655871e99b9378c6b4afa5d574050"
"md","template","core","core/workflows/brainstorming/template.md","5c99d76963eb5fc21db96c5a68f39711dca7c6ed30e4f7d22aedee9e8bb964f9"
"md","validate-json-instructions","core","core/resources/excalidraw/validate-json-instructions.md","0970bac93d52b4ee591a11998a02d5682e914649a40725d623489c77f7a1e449"
"md","workflow","core","core/workflows/brainstorming/workflow.md","f6f2a280880b1cc82bb9bb320229a71df788bb0412590beb59a384e26f493c83"
"md","workflow","core","core/workflows/party-mode/workflow.md","851cbc7f57b856390be18464d38512337b52508cc634f327e4522e379c778573"
"xml","index-docs","core","core/tasks/index-docs.xml","13ffd40ccaed0f05b35e4f22255f023e77a6926e8a2f01d071b0b91a4c942812"
"xml","review-adversarial-general","core","core/tasks/review-adversarial-general.xml","05466fd1a0b207dd9987ba1e8674b40060025b105ba51f5b49fe852c44e51f12"
"xml","shard-doc","core","core/tasks/shard-doc.xml","f71987855cabb46bd58a63a4fd356efb0739a272ab040dd3c8156d7f538d7caf"
"xml","validate-workflow","core","core/tasks/validate-workflow.xml","539e6f1255efbb62538598493e4083496dc0081d3c8989c89b47d06427d98f28"
"xml","workflow","core","core/tasks/workflow.xml","8f7ad9ff1d80251fa5df344ad70701605a74dcfc030c04708650f23b2606851a"
"xml","workflow","core","core/workflows/advanced-elicitation/workflow.xml","063e6aab417f9cc67ae391b1d89ba972fc890c123f8101b7180496d413a63d81"
"yaml","config","core","core/config.yaml","58fb92ee05030b0cb69c5bc45d548b12a92140fe70d79d3a707149045e396ce0"
"md","README","research-project","research-project/README.md","5590859acce0c8b6cd968372fd44ce9d9b6108bb5178a037c553a5f81189e540"
"md","README","research-project","research-project/workflows/baseline-development/README.md","af8f47c3f8a46f6383c9433cd2e2459c4d5366ce6fdf367e571d0e34fecefa83"
"md","README","research-project","research-project/workflows/contribution-development/README.md","a966453ad7d6eb5833a3c342e4793abf47b3987263bc9c4c29738ba09e28309c"
"md","README","research-project","research-project/workflows/ideation-literature/README.md","9206c784815bc5f6fc3f7b5d2131a4c7f985d27991badc1f540786aec8535a03"
"md","README","research-project","research-project/workflows/project-setup/README.md","5bbc97b7c2ce0e98103e637586a2c61d3ca5e2319aeca5ba76fa8b7bb568900d"
"md","README","research-project","research-project/workflows/review-revision/README.md","f88145ab7ba65d23feb806f078b33663290f05383a15470de4aba2596625e7ae"
"md","step-01-init","research-project","research-project/workflows/baseline-development/steps/step-01-init.md","51b3ea31354410b4c08c331f976e5d64410f6213d2d0ef340e26803383e84a2d"
"md","step-01-init","research-project","research-project/workflows/contribution-development/steps/step-01-init.md","fbf1559a2869c79fcd267b24201dffd36f22852ed620489c0afe1b2bfe33fb9f"
"md","step-01-init","research-project","research-project/workflows/ideation-literature/steps/step-01-init.md","69b8404f65ff7dde1ae55343d6223c68e1271cc7d6f033f2c95da75d5feb70a8"
"md","step-01-init","research-project","research-project/workflows/project-setup/steps/step-01-init.md","7f0a62c2b430127416ec56184199b3e17b13e96ff58e1b4f1b38ade90b1fdbe4"
"md","step-01-init","research-project","research-project/workflows/review-revision/steps/step-01-init.md","edc7335db686d324598d3735b2de7b39f0287e664327917d050288a29b859bb1"
"md","step-01b-continue","research-project","research-project/workflows/baseline-development/steps/step-01b-continue.md","b5052741b456123981cb76960c63b8c67a9a4cd8b6d3209889e2c9170f72faf5"
"md","step-01b-continue","research-project","research-project/workflows/contribution-development/steps/step-01b-continue.md","0365fd92df5f30729caa4d21b1119f53a9dee8f61703fe36adcf93f182235e0a"
"md","step-01b-continue","research-project","research-project/workflows/ideation-literature/steps/step-01b-continue.md","71d7bc814809937ff438d89ed256de4af6a19dabe20e2d63d1540531a281f8c5"
"md","step-01b-continue","research-project","research-project/workflows/project-setup/steps/step-01b-continue.md","9d89680ebbb5abde85dfd0026f9412a6b8e73b1f5a4120ec76a4ff6b24988620"
"md","step-01b-continue","research-project","research-project/workflows/review-revision/steps/step-01b-continue.md","250b5d7d4ca3cb1630e359c1cdc1e09c1226172e08f84cedc5fb4deaf0c3dd97"
"md","step-02-collect","research-project","research-project/workflows/project-setup/steps/step-02-collect.md","ed2e31f13c826fa1cdd52414eda0887e9b5dbb5f8f973c094087a590db334870"
"md","step-02-contribution-design","research-project","research-project/workflows/contribution-development/steps/step-02-contribution-design.md","c912eaccacf7205a4f43605833f336a397719ffe15a3d0769852f0b978ba593f"
"md","step-02-ideation","research-project","research-project/workflows/ideation-literature/steps/step-02-ideation.md","812e12fac49e46ccbbc4505a1bf2737531997245e531d85dd78c55b3fa005fde"
"md","step-02-review-input","research-project","research-project/workflows/review-revision/steps/step-02-review-input.md","569296b119d55d4a4e68295d3178969ac5f5c0d5c0fa543f590e877fb8b238f8"
"md","step-02-sota-understanding","research-project","research-project/workflows/baseline-development/steps/step-02-sota-understanding.md","48b938d487c4f3878034fcc87fbc6e6f6b11f86cfc8bef794d2b0902ab7574f9"
"md","step-03-baseline-planning","research-project","research-project/workflows/baseline-development/steps/step-03-baseline-planning.md","f6c0fe58657b5034717ac6884ebbb3ec2169c233cb36f69e6ab99e9d06bccc98"
"md","step-03-customize","research-project","research-project/workflows/project-setup/steps/step-03-customize.md","57d92c0fa71fad76f27a63e4c75bd5391b53e32537a67bb592304719807a6a60"
"md","step-03-discovery","research-project","research-project/workflows/ideation-literature/steps/step-03-discovery.md","925c9649b9537e9920b73b6b75f5644bc796d31c892ccfd04e8522f349229219"
"md","step-03-gap-analysis","research-project","research-project/workflows/review-revision/steps/step-03-gap-analysis.md","4c1be56caed1b1e892fdd94aecdc92ad6add9ebecc0d06d2e57de7f448110f00"
"md","step-03-implementation","research-project","research-project/workflows/contribution-development/steps/step-03-implementation.md","93ce3a6ad70f384f40e4e9082393ff979a9dd85e0e45ba3e0b9032e2a44b235d"
"md","step-04-analysis","research-project","research-project/workflows/ideation-literature/steps/step-04-analysis.md","49a6ba4c9aa42e7d3e3f677a4ca26809995c20f937b28fcfc04b02bf8136fb40"
"md","step-04-experimentation","research-project","research-project/workflows/contribution-development/steps/step-04-experimentation.md","734a73069d2e2c6cf90bc81742bec5369a18e6177514431c72bd764b3a64efa5"
"md","step-04-implementation","research-project","research-project/workflows/baseline-development/steps/step-04-implementation.md","adf181831798912c7e4ee2a0f45ed2a589d5c65044646e37a5f062ae8c9efadf"
"md","step-04-revision-planning","research-project","research-project/workflows/review-revision/steps/step-04-revision-planning.md","4165d721692c0452e50e805e3fe11309a33d6c17db66bb0b281e6eabbd676449"
"md","step-04-structure","research-project","research-project/workflows/project-setup/steps/step-04-structure.md","00dfc4bdc07db3589b0c957c93df117352dcadafb0ff6c033f831a2f6b4fc97e"
"md","step-05-analysis","research-project","research-project/workflows/contribution-development/steps/step-05-analysis.md","3fcad723133f5fdf902e0c0562964ea77dccaaae321ecac28ac41e0e20841cd3"
"md","step-05-configure","research-project","research-project/workflows/project-setup/steps/step-05-configure.md","08cf7349653e1ffd8ec9b7ec5306862d860e38c973839c844f1ba37044e48401"
"md","step-05-experiments","research-project","research-project/workflows/baseline-development/steps/step-05-experiments.md","614e55f65362850c5c223cdd7f747c64a9303bd877e9fee90ec9ead6bd8968e0"
"md","step-05-implementation","research-project","research-project/workflows/review-revision/steps/step-05-implementation.md","ab2711c199c1c5abfe4303228bdee739223efae95b6763497c6e0b1de687b665"
"md","step-05-planning","research-project","research-project/workflows/ideation-literature/steps/step-05-planning.md","b5e1936073ed77c1a798b538602f5b102b8cd597c56c5bef5e3c14c7676963e6"
"md","step-06-analysis","research-project","research-project/workflows/baseline-development/steps/step-06-analysis.md","51e2f9af96349f5b9bdbc7c7896d0b253178ad1b9058f3bc0ea9a8a538589860"
"md","step-06-documentation","research-project","research-project/workflows/ideation-literature/steps/step-06-documentation.md","0387905f9a3638fa63d0a9ffad8461ed18a9815d65226e036848eb4fc0dcdd20"
"md","step-06-validate","research-project","research-project/workflows/project-setup/steps/step-06-validate.md","119728fb030ee79ed74274e486c4ace1fdb6253dcbd5e3097dfadf2d473521d2"
"md","step-06-writing","research-project","research-project/workflows/contribution-development/steps/step-06-writing.md","11069e5fb757d8e4491ba7b02a197761679ab877abb7a2d039ed1cf6bde7aaa7"
"md","step-06-writing","research-project","research-project/workflows/review-revision/steps/step-06-writing.md","e130b850bdef7be3e608730b7e6d6b82a682f255f53310ffc0a15db5ad6dc6ef"
"md","step-07-iteration","research-project","research-project/workflows/contribution-development/steps/step-07-iteration.md","2f79dc6283f7316e4e7823bfa695e2852868d7f873fc481f454ffe99ffa1e56d"
"md","step-07-rebuttal","research-project","research-project/workflows/review-revision/steps/step-07-rebuttal.md","eba3f3ef0f55cc61daeb842887618aff315ffce54148af2d16b41564d8aa1e04"
"md","step-07-writing","research-project","research-project/workflows/baseline-development/steps/step-07-writing.md","ada8a8f6b0f2dfbe1d86fa31ebede367e80b4feca4b8b4e761c84a426e9ec297"
"md","step-08-review","research-project","research-project/workflows/baseline-development/steps/step-08-review.md","10ef07f14e32b5dc6fbd5936312392c65cb5dc3fb18ad0f5784b08c570dc297d"
"md","step-08-review","research-project","research-project/workflows/contribution-development/steps/step-08-review.md","fbd68e5128181553113ae0c8d05dea6928e28b61ea47413a48f21af3cce7a9ba"
"md","step-08-review-check","research-project","research-project/workflows/review-revision/steps/step-08-review-check.md","7610933f87de2f8a4b7001e07470ec339ab8ef1716420cf8f34c491c05f65e2e"
"md","step-09-complete-or-loop","research-project","research-project/workflows/review-revision/steps/step-09-complete-or-loop.md","02bacd8b3758e0c8a4dbe67ff1bfca2779a599dd4a809cb3c00f60876d3b2bc4"
"md","TODO","research-project","research-project/TODO.md","d182bcecc9cd8c0d4d09fc621deaff623fa8d64743ce4339405e78dfa227ce52"
"md","workflow","research-project","research-project/workflows/baseline-development/workflow.md","9e45cd04a16fdcc6998b8145cd2fc814c5a5f29a798d40a3dbd18d6a7c9d36d2"
"md","workflow","research-project","research-project/workflows/contribution-development/workflow.md","dfe2571cf811d45c140ffb7fdbcd4d427a352ee3edc33633f141b0447bdb6489"
"md","workflow","research-project","research-project/workflows/ideation-literature/workflow.md","4a8c1eb02ea814322d4a05e59f1d5c1945021fbca8b20995e6f741a4ab3f1eff"
"md","workflow","research-project","research-project/workflows/project-setup/workflow.md","8a7d501a0eb3b093e056dc4c3e85bc6af091aabd08eb56369a77421d30e31b38"
"md","workflow","research-project","research-project/workflows/review-revision/workflow.md","c44278ca2b03e2df4923c0313f625595c3dd3babf040c137f8a82fe0184b924d"
"yaml","config","research-project","research-project/config.yaml","1aaa4c4ae87f3e344330ad27325ba56fa5433a055f3f8ceaf0e440b5a0857a05"
"yaml","research-advisor","research-project","research-project/agents/research-advisor.yaml","69b8952dc60c9b54df9c6fb42ac20280804674597e672827e21164bb7b071a54"
"yaml","research-engineer","research-project","research-project/agents/research-engineer.yaml","ef2637db09459aa0e2a8177f4258bde1b1c31288df33efc6424ec4da3868ec2d"
"yaml","research-reviewer","research-project","research-project/agents/research-reviewer.yaml","fce726d87e8479ef57896600d5c12d29db93fe0f787e3dca836bb4b91a4bda98"
"yaml","research-scholar","research-project","research-project/agents/research-scholar.yaml","79c30cd7699e592585a670bbeefd226bc49a2ec1944eef2e011ef7c3f96525e3"
"yaml","research-writer","research-project","research-project/agents/research-writer.yaml","12edee63e6abdf2d44a18a3e01bf422eb81d09842cab58b8936d3c1d07012d87"
